[ {
  "@id" : "_:genid1",
  "@type" : [ "http://www.w3.org/2002/07/owl#Restriction" ],
  "http://www.w3.org/2002/07/owl#onProperty" : [ {
    "@id" : "http://delta.linkeddata.es/def/core#consumes"
  } ],
  "http://www.w3.org/2002/07/owl#someValuesFrom" : [ {
    "@id" : "http://delta.linkeddata.es/def/core#MarketSettlement"
  } ]
}, {
  "@id" : "_:genid10",
  "@type" : [ "http://www.w3.org/2002/07/owl#Restriction" ],
  "http://www.w3.org/2002/07/owl#onProperty" : [ {
    "@id" : "http://delta.linkeddata.es/def/core#type"
  } ],
  "http://www.w3.org/2002/07/owl#someValuesFrom" : [ {
    "@id" : "http://www.w3.org/2002/07/owl#rational"
  } ]
}, {
  "@id" : "_:genid11",
  "@type" : [ "http://www.w3.org/2002/07/owl#Restriction" ],
  "http://www.w3.org/2002/07/owl#allValuesFrom" : [ {
    "@id" : "http://delta.linkeddata.es/def/core#Incentive"
  } ],
  "http://www.w3.org/2002/07/owl#onProperty" : [ {
    "@id" : "http://delta.linkeddata.es/def/core#hasIncentive"
  } ]
}, {
  "@id" : "_:genid12",
  "@type" : [ "http://www.w3.org/2002/07/owl#Restriction" ],
  "http://www.w3.org/2002/07/owl#onProperty" : [ {
    "@id" : "http://delta.linkeddata.es/def/core#hasAggregatedProperty"
  } ],
  "http://www.w3.org/2002/07/owl#someValuesFrom" : [ {
    "@id" : "http://delta.linkeddata.es/def/core#DRProperty"
  } ]
}, {
  "@id" : "_:genid13",
  "@type" : [ "http://www.w3.org/2002/07/owl#Restriction" ],
  "http://www.w3.org/2002/07/owl#allValuesFrom" : [ {
    "@id" : "http://delta.linkeddata.es/def/core#ComfortSetting"
  } ],
  "http://www.w3.org/2002/07/owl#onProperty" : [ {
    "@id" : "http://delta.linkeddata.es/def/core#hasComfortSetting"
  } ]
}, {
  "@id" : "_:genid14",
  "@type" : [ "http://www.w3.org/2002/07/owl#Restriction" ],
  "http://www.w3.org/2002/07/owl#allValuesFrom" : [ {
    "@id" : "http://delta.linkeddata.es/def/core#SystemConstraint"
  } ],
  "http://www.w3.org/2002/07/owl#onProperty" : [ {
    "@id" : "http://delta.linkeddata.es/def/core#hasSystemConstraint"
  } ]
}, {
  "@id" : "_:genid15",
  "@type" : [ "http://www.w3.org/2002/07/owl#Restriction" ],
  "http://www.w3.org/2002/07/owl#allValuesFrom" : [ {
    "@id" : "http://delta.linkeddata.es/def/core#Transaction"
  } ],
  "http://www.w3.org/2002/07/owl#onProperty" : [ {
    "@id" : "http://delta.linkeddata.es/def/core#hasTransaction"
  } ]
}, {
  "@id" : "_:genid16",
  "@type" : [ "http://www.w3.org/2002/07/owl#Restriction" ],
  "http://www.w3.org/2002/07/owl#allValuesFrom" : [ {
    "@id" : "http://www.w3.org/2001/XMLSchema#string"
  } ],
  "http://www.w3.org/2002/07/owl#onProperty" : [ {
    "@id" : "http://delta.linkeddata.es/def/core#href"
  } ]
}, {
  "@id" : "_:genid17",
  "@type" : [ "http://www.w3.org/2002/07/owl#Restriction" ],
  "http://www.w3.org/2002/07/owl#allValuesFrom" : [ {
    "@id" : "https://w3id.org/saref#Measurement"
  } ],
  "http://www.w3.org/2002/07/owl#onProperty" : [ {
    "@id" : "http://delta.linkeddata.es/def/core#hasMeasurement"
  } ]
}, {
  "@id" : "_:genid18",
  "@type" : [ "http://www.w3.org/2002/07/owl#Restriction" ],
  "http://www.w3.org/2002/07/owl#onProperty" : [ {
    "@id" : "http://delta.linkeddata.es/def/core#hasDescription"
  } ],
  "http://www.w3.org/2002/07/owl#someValuesFrom" : [ {
    "@id" : "http://www.w3.org/2001/XMLSchema#string"
  } ]
}, {
  "@id" : "_:genid19",
  "@type" : [ "http://www.w3.org/2002/07/owl#Restriction" ],
  "http://www.w3.org/2002/07/owl#onProperty" : [ {
    "@id" : "http://delta.linkeddata.es/def/core#name"
  } ],
  "http://www.w3.org/2002/07/owl#someValuesFrom" : [ {
    "@id" : "http://www.w3.org/2001/XMLSchema#string"
  } ]
}, {
  "@id" : "_:genid2",
  "@type" : [ "http://www.w3.org/2002/07/owl#Restriction" ],
  "http://www.w3.org/2002/07/owl#allValuesFrom" : [ {
    "@id" : "http://delta.linkeddata.es/def/core#Profile"
  } ],
  "http://www.w3.org/2002/07/owl#onProperty" : [ {
    "@id" : "http://delta.linkeddata.es/def/core#hasProfile"
  } ]
}, {
  "@id" : "_:genid20",
  "@type" : [ "http://www.w3.org/2002/07/owl#Restriction" ],
  "http://www.w3.org/2002/07/owl#onProperty" : [ {
    "@id" : "http://delta.linkeddata.es/def/core#hasPhase"
  } ],
  "http://www.w3.org/2002/07/owl#someValuesFrom" : [ {
    "@id" : "http://delta.linkeddata.es/def/core#Phase"
  } ]
}, {
  "@id" : "_:genid21",
  "@type" : [ "http://www.w3.org/2002/07/owl#Restriction" ],
  "http://www.w3.org/2002/07/owl#onProperty" : [ {
    "@id" : "http://delta.linkeddata.es/def/core#status"
  } ],
  "http://www.w3.org/2002/07/owl#someValuesFrom" : [ {
    "@id" : "http://www.w3.org/2000/01/rdf-schema#Literal"
  } ]
}, {
  "@id" : "_:genid22",
  "@type" : [ "http://www.w3.org/2002/07/owl#Restriction" ],
  "http://www.w3.org/2002/07/owl#onProperty" : [ {
    "@id" : "http://delta.linkeddata.es/def/core#granularity"
  } ],
  "http://www.w3.org/2002/07/owl#someValuesFrom" : [ {
    "@id" : "http://www.w3.org/2002/07/owl#rational"
  } ]
}, {
  "@id" : "_:genid23",
  "@type" : [ "http://www.w3.org/2002/07/owl#Restriction" ],
  "http://www.w3.org/2002/07/owl#onProperty" : [ {
    "@id" : "http://delta.linkeddata.es/def/core#type"
  } ],
  "http://www.w3.org/2002/07/owl#someValuesFrom" : [ {
    "@id" : "http://www.w3.org/2002/07/owl#rational"
  } ]
}, {
  "@id" : "_:genid24",
  "@type" : [ "http://www.w3.org/2002/07/owl#Restriction" ],
  "http://www.w3.org/2002/07/owl#onProperty" : [ {
    "@id" : "http://delta.linkeddata.es/def/core#agreesOn"
  } ],
  "http://www.w3.org/2002/07/owl#someValuesFrom" : [ {
    "@id" : "https://w3id.org/saref#Property"
  } ]
}, {
  "@id" : "_:genid25",
  "@type" : [ "http://www.w3.org/2002/07/owl#Restriction" ],
  "http://www.w3.org/2002/07/owl#onProperty" : [ {
    "@id" : "http://delta.linkeddata.es/def/core#isValidDuringPeriod"
  } ],
  "http://www.w3.org/2002/07/owl#someValuesFrom" : [ {
    "@id" : "http://www.w3.org/2006/time#TemporalEntity"
  } ]
}, {
  "@id" : "_:genid26",
  "@type" : [ "http://www.w3.org/2002/07/owl#Restriction" ],
  "http://www.w3.org/2002/07/owl#allValuesFrom" : [ {
    "@id" : "http://delta.linkeddata.es/def/core#Payment"
  } ],
  "http://www.w3.org/2002/07/owl#onProperty" : [ {
    "@id" : "http://delta.linkeddata.es/def/core#hasPayment"
  } ]
}, {
  "@id" : "_:genid27",
  "@type" : [ "http://www.w3.org/2002/07/owl#Restriction" ],
  "http://www.w3.org/2002/07/owl#onProperty" : [ {
    "@id" : "http://delta.linkeddata.es/def/core#hasSmartContract"
  } ],
  "http://www.w3.org/2002/07/owl#someValuesFrom" : [ {
    "@id" : "http://delta.linkeddata.es/def/core#SmartContract"
  } ]
}, {
  "@id" : "_:genid28",
  "@type" : [ "http://www.w3.org/2002/07/owl#Restriction" ],
  "http://www.w3.org/2002/07/owl#onProperty" : [ {
    "@id" : "http://delta.linkeddata.es/def/core#isAllocatedIn"
  } ],
  "http://www.w3.org/2002/07/owl#someValuesFrom" : [ {
    "@id" : "http://delta.linkeddata.es/def/core#Aggregator"
  } ]
}, {
  "@id" : "_:genid29",
  "@type" : [ "http://www.w3.org/2002/07/owl#Restriction" ],
  "http://www.w3.org/2002/07/owl#onProperty" : [ {
    "@id" : "http://delta.linkeddata.es/def/core#manage"
  } ],
  "http://www.w3.org/2002/07/owl#someValuesFrom" : [ {
    "@id" : "http://delta.linkeddata.es/def/core#FEID"
  } ]
}, {
  "@id" : "_:genid3",
  "@type" : [ "http://www.w3.org/2002/07/owl#Restriction" ],
  "http://www.w3.org/2002/07/owl#allValuesFrom" : [ {
    "@id" : "http://delta.linkeddata.es/def/core#Transaction"
  } ],
  "http://www.w3.org/2002/07/owl#onProperty" : [ {
    "@id" : "http://delta.linkeddata.es/def/core#hasTransaction"
  } ]
}, {
  "@id" : "_:genid30",
  "@type" : [ "http://www.w3.org/2002/07/owl#Restriction" ],
  "http://www.w3.org/2002/07/owl#allValuesFrom" : [ {
    "@id" : "http://delta.linkeddata.es/def/core#Profile"
  } ],
  "http://www.w3.org/2002/07/owl#onProperty" : [ {
    "@id" : "http://delta.linkeddata.es/def/core#hasProfile"
  } ]
}, {
  "@id" : "_:genid31",
  "@type" : [ "http://www.w3.org/2002/07/owl#Restriction" ],
  "http://www.w3.org/2002/07/owl#onProperty" : [ {
    "@id" : "http://delta.linkeddata.es/def/core#href"
  } ],
  "http://www.w3.org/2002/07/owl#someValuesFrom" : [ {
    "@id" : "http://www.w3.org/2002/07/owl#rational"
  } ]
}, {
  "@id" : "_:genid32",
  "@type" : [ "http://www.w3.org/2002/07/owl#Restriction" ],
  "http://www.w3.org/2002/07/owl#onProperty" : [ {
    "@id" : "https://w3id.org/def/openadr#sendEvent"
  } ],
  "http://www.w3.org/2002/07/owl#someValuesFrom" : [ {
    "@id" : "https://w3id.org/def/openadr#Event"
  } ]
}, {
  "@id" : "_:genid33",
  "@type" : [ "http://www.w3.org/2002/07/owl#Restriction" ],
  "http://www.w3.org/2002/07/owl#allValuesFrom" : [ {
    "@id" : "https://w3id.org/saref#Property"
  } ],
  "http://www.w3.org/2002/07/owl#onProperty" : [ {
    "@id" : "https://w3id.org/saref#measuresProperty"
  } ]
}, {
  "@id" : "_:genid34",
  "@type" : [ "http://www.w3.org/2002/07/owl#Restriction" ],
  "http://www.w3.org/2002/07/owl#allValuesFrom" : [ {
    "@id" : "https://w3id.org/saref#FeatureOfInterest"
  } ],
  "http://www.w3.org/2002/07/owl#onProperty" : [ {
    "@id" : "https://w3id.org/saref#hasFeatureOfInterest"
  } ]
}, {
  "@id" : "_:genid35",
  "@type" : [ "http://www.w3.org/2002/07/owl#Restriction" ],
  "http://www.w3.org/2002/07/owl#allValuesFrom" : [ {
    "@id" : "https://w3id.org/saref#UnitOfMeasure"
  } ],
  "http://www.w3.org/2002/07/owl#onProperty" : [ {
    "@id" : "https://w3id.org/saref#isMeasuredIn"
  } ]
}, {
  "@id" : "_:genid36",
  "@type" : [ "http://www.w3.org/2002/07/owl#Restriction" ],
  "http://www.w3.org/2002/07/owl#allValuesFrom" : [ {
    "@id" : "http://www.w3.org/2001/XMLSchema#float"
  } ],
  "http://www.w3.org/2002/07/owl#onProperty" : [ {
    "@id" : "https://w3id.org/saref#hasValue"
  } ]
}, {
  "@id" : "_:genid37",
  "@type" : [ "http://www.w3.org/2002/07/owl#Restriction" ],
  "http://www.w3.org/2002/07/owl#allValuesFrom" : [ {
    "@id" : "http://www.w3.org/2001/XMLSchema#dateTime"
  } ],
  "http://www.w3.org/2002/07/owl#onProperty" : [ {
    "@id" : "https://w3id.org/saref#timeStamp"
  } ]
}, {
  "@id" : "_:genid38",
  "@type" : [ "http://www.w3.org/2002/07/owl#Restriction" ],
  "http://www.w3.org/2002/07/owl#allValuesFrom" : [ {
    "@id" : "https://w3id.org/saref#Property"
  } ],
  "http://www.w3.org/2002/07/owl#onProperty" : [ {
    "@id" : "https://w3id.org/saref#isAbout"
  } ]
}, {
  "@id" : "_:genid39",
  "@type" : [ "http://www.w3.org/2002/07/owl#Restriction" ],
  "http://www.w3.org/2002/07/owl#allValuesFrom" : [ {
    "@id" : "https://w3id.org/saref#Measurement"
  } ],
  "http://www.w3.org/2002/07/owl#onProperty" : [ {
    "@id" : "https://w3id.org/saref#isRelatedToMeasurement"
  } ]
}, {
  "@id" : "_:genid4",
  "@type" : [ "http://www.w3.org/2002/07/owl#Restriction" ],
  "http://www.w3.org/2002/07/owl#onProperty" : [ {
    "@id" : "http://delta.linkeddata.es/def/core#belongsTo"
  } ],
  "http://www.w3.org/2002/07/owl#someValuesFrom" : [ {
    "@id" : "http://delta.linkeddata.es/def/core#FEID"
  } ]
}, {
  "@id" : "_:genid5",
  "@type" : [ "http://www.w3.org/2002/07/owl#Restriction" ],
  "http://www.w3.org/2002/07/owl#onProperty" : [ {
    "@id" : "http://delta.linkeddata.es/def/core#isOwnedBy"
  } ],
  "http://www.w3.org/2002/07/owl#someValuesFrom" : [ {
    "@id" : "http://delta.linkeddata.es/def/core#Customer"
  } ]
}, {
  "@id" : "_:genid6",
  "@type" : [ "http://www.w3.org/2002/07/owl#Restriction" ],
  "http://www.w3.org/2002/07/owl#onProperty" : [ {
    "@id" : "http://delta.linkeddata.es/def/core#hasAggregatedProperty"
  } ],
  "http://www.w3.org/2002/07/owl#someValuesFrom" : [ {
    "@id" : "https://w3id.org/saref#Property"
  } ]
}, {
  "@id" : "_:genid7",
  "@type" : [ "http://www.w3.org/2002/07/owl#Restriction" ],
  "http://www.w3.org/2002/07/owl#allValuesFrom" : [ {
    "@id" : "http://www.w3.org/2000/01/rdf-schema#Literal"
  } ],
  "http://www.w3.org/2002/07/owl#onProperty" : [ {
    "@id" : "http://delta.linkeddata.es/def/core#clusterDescription"
  } ]
}, {
  "@id" : "_:genid8",
  "@type" : [ "http://www.w3.org/2002/07/owl#Restriction" ],
  "http://www.w3.org/2002/07/owl#allValuesFrom" : [ {
    "@id" : "http://www.w3.org/2000/01/rdf-schema#Literal"
  } ],
  "http://www.w3.org/2002/07/owl#onProperty" : [ {
    "@id" : "http://delta.linkeddata.es/def/core#clusterName"
  } ]
}, {
  "@id" : "_:genid9",
  "@type" : [ "http://www.w3.org/2002/07/owl#Restriction" ],
  "http://www.w3.org/2002/07/owl#allValuesFrom" : [ {
    "@id" : "http://delta.linkeddata.es/def/core#Reward"
  } ],
  "http://www.w3.org/2002/07/owl#onProperty" : [ {
    "@id" : "http://delta.linkeddata.es/def/core#hasReward"
  } ]
}, {
  "@id" : "http://delta.linkeddata.es/def/core",
  "@type" : [ "http://www.w3.org/2002/07/owl#Ontology" ],
  "http://purl.org/dc/elements/1.1/title" : [ {
    "@value" : "DELTA ontology"
  } ],
  "http://purl.org/dc/terms/creator" : [ {
    "@value" : "Alba Fernández Izquierdo"
  } ],
  "http://purl.org/dc/terms/license" : [ {
    "@id" : "http://purl.org/NET/rdflicense/cc-by4.0"
  } ],
  "http://www.w3.org/2000/01/rdf-schema#comment" : [ {
    "@value" : "This ontology represents the  terms to allow interoperability in DELTA project. It models concepts related to enery market, smart grids and demand-response platforms, and it will reuse standard ontologies whenever possible."
  } ],
  "http://www.w3.org/2002/07/owl#imports" : [ {
    "@id" : "https://w3id.org/def/openadr"
  } ],
  "http://www.w3.org/2002/07/owl#versionInfo" : [ {
    "@value" : "0.1.4"
  } ]
}, {
  "@id" : "http://delta.linkeddata.es/def/core#Aggregator",
  "@type" : [ "http://www.w3.org/2002/07/owl#Class" ],
  "http://www.w3.org/2000/01/rdf-schema#comment" : [ {
    "@value" : "Legal entities that aggregate the load or generation of various demand and/or generation/production units and aim at optimizing energy supply and consumption."
  } ],
  "http://www.w3.org/2000/01/rdf-schema#label" : [ {
    "@value" : "Aggregator"
  } ],
  "http://www.w3.org/2000/01/rdf-schema#subClassOf" : [ {
    "@id" : "https://w3id.org/def/openadr#VTN"
  }, {
    "@id" : "_:genid1"
  }, {
    "@id" : "_:genid2"
  }, {
    "@id" : "_:genid3"
  } ]
}, {
  "@id" : "http://delta.linkeddata.es/def/core#Asset",
  "@type" : [ "http://www.w3.org/2002/07/owl#Class" ],
  "http://www.w3.org/2000/01/rdf-schema#label" : [ {
    "@value" : "Asset"
  } ],
  "http://www.w3.org/2000/01/rdf-schema#subClassOf" : [ {
    "@id" : "https://w3id.org/def/openadr#Asset"
  }, {
    "@id" : "https://w3id.org/saref#Device"
  }, {
    "@id" : "_:genid4"
  }, {
    "@id" : "_:genid5"
  } ]
}, {
  "@id" : "http://delta.linkeddata.es/def/core#Cluster",
  "@type" : [ "http://www.w3.org/2002/07/owl#Class" ],
  "http://www.w3.org/2000/01/rdf-schema#comment" : [ {
    "@value" : "Aggrupation of elements, such as FEIDs or Virtual Nodes"
  } ],
  "http://www.w3.org/2000/01/rdf-schema#label" : [ {
    "@value" : "Cluster"
  } ],
  "http://www.w3.org/2000/01/rdf-schema#subClassOf" : [ {
    "@id" : "_:genid6"
  }, {
    "@id" : "_:genid7"
  }, {
    "@id" : "_:genid8"
  } ]
}, {
  "@id" : "http://delta.linkeddata.es/def/core#ComfortSetting",
  "@type" : [ "http://www.w3.org/2002/07/owl#Class" ],
  "http://www.w3.org/2000/01/rdf-schema#label" : [ {
    "@value" : "Comfort setting"
  } ]
}, {
  "@id" : "http://delta.linkeddata.es/def/core#Consumer",
  "@type" : [ "http://www.w3.org/2002/07/owl#Class" ],
  "http://www.w3.org/2000/01/rdf-schema#comment" : [ {
    "@value" : "Entity that consumes energy"
  } ],
  "http://www.w3.org/2000/01/rdf-schema#label" : [ {
    "@value" : "Consumer"
  } ],
  "http://www.w3.org/2000/01/rdf-schema#subClassOf" : [ {
    "@id" : "http://delta.linkeddata.es/def/core#Prosumer"
  } ]
}, {
  "@id" : "http://delta.linkeddata.es/def/core#Customer",
  "@type" : [ "http://www.w3.org/2002/07/owl#Class" ],
  "http://www.w3.org/2000/01/rdf-schema#comment" : [ {
    "@value" : "Entity that interacts in the platform"
  } ],
  "http://www.w3.org/2000/01/rdf-schema#label" : [ {
    "@value" : "Customer"
  } ],
  "http://www.w3.org/2000/01/rdf-schema#subClassOf" : [ {
    "@id" : "_:genid9"
  }, {
    "@id" : "_:genid10"
  } ]
}, {
  "@id" : "http://delta.linkeddata.es/def/core#DRProperty",
  "@type" : [ "http://www.w3.org/2002/07/owl#Class" ],
  "http://www.w3.org/2000/01/rdf-schema#label" : [ {
    "@value" : "DRProperty"
  } ],
  "http://www.w3.org/2000/01/rdf-schema#subClassOf" : [ {
    "@id" : "https://w3id.org/saref#Property"
  } ]
}, {
  "@id" : "http://delta.linkeddata.es/def/core#DownFlexibility",
  "@type" : [ "http://www.w3.org/2002/07/owl#Class" ],
  "http://www.w3.org/2000/01/rdf-schema#subClassOf" : [ {
    "@id" : "http://delta.linkeddata.es/def/core#Flexibility"
  } ]
}, {
  "@id" : "http://delta.linkeddata.es/def/core#Energy",
  "@type" : [ "http://www.w3.org/2002/07/owl#Class" ],
  "http://www.w3.org/2000/01/rdf-schema#comment" : [ {
    "@value" : "A property related to measurements that are characterized  by a value measured in energy units"
  } ],
  "http://www.w3.org/2000/01/rdf-schema#label" : [ {
    "@value" : "Energy"
  } ],
  "http://www.w3.org/2000/01/rdf-schema#subClassOf" : [ {
    "@id" : "http://delta.linkeddata.es/def/core#DRProperty"
  }, {
    "@id" : "_:genid11"
  } ]
}, {
  "@id" : "http://delta.linkeddata.es/def/core#EnergyMarket",
  "@type" : [ "http://www.w3.org/2002/07/owl#Class" ],
  "http://www.w3.org/2000/01/rdf-schema#label" : [ {
    "@value" : "Energy Market"
  } ]
}, {
  "@id" : "http://delta.linkeddata.es/def/core#FEID",
  "@type" : [ "http://www.w3.org/2002/07/owl#Class" ],
  "http://www.w3.org/2000/01/rdf-schema#comment" : [ {
    "@value" : "Set of devices"
  } ],
  "http://www.w3.org/2000/01/rdf-schema#label" : [ {
    "@value" : "FEID"
  } ],
  "http://www.w3.org/2000/01/rdf-schema#subClassOf" : [ {
    "@id" : "https://w3id.org/def/openadr#VEN"
  }, {
    "@id" : "https://w3id.org/def/saref4bldg#PhysicalObject"
  }, {
    "@id" : "_:genid12"
  }, {
    "@id" : "_:genid13"
  }, {
    "@id" : "_:genid14"
  }, {
    "@id" : "_:genid15"
  }, {
    "@id" : "_:genid16"
  } ]
}, {
  "@id" : "http://delta.linkeddata.es/def/core#Flexibility",
  "@type" : [ "http://www.w3.org/2002/07/owl#Class" ],
  "http://www.w3.org/2000/01/rdf-schema#comment" : [ {
    "@value" : "Flexibility is a property that indicates the ability to increase or reduce the production of power plants or the consumption of demand processes"
  } ],
  "http://www.w3.org/2000/01/rdf-schema#label" : [ {
    "@value" : "Flexibility"
  } ],
  "http://www.w3.org/2000/01/rdf-schema#subClassOf" : [ {
    "@id" : "http://delta.linkeddata.es/def/core#DRProperty"
  } ]
}, {
  "@id" : "http://delta.linkeddata.es/def/core#Frequency",
  "@type" : [ "http://www.w3.org/2002/07/owl#Class" ],
  "http://www.w3.org/2000/01/rdf-schema#comment" : [ {
    "@value" : "Frequency constraint related to the grid"
  } ],
  "http://www.w3.org/2000/01/rdf-schema#label" : [ {
    "@value" : "Frequency"
  } ],
  "http://www.w3.org/2000/01/rdf-schema#subClassOf" : [ {
    "@id" : "http://delta.linkeddata.es/def/core#DRProperty"
  } ]
}, {
  "@id" : "http://delta.linkeddata.es/def/core#Incentive",
  "@type" : [ "http://www.w3.org/2002/07/owl#Class" ],
  "http://www.w3.org/2000/01/rdf-schema#comment" : [ {
    "@value" : "Incentive (usually monetary) associated to energy values"
  } ],
  "http://www.w3.org/2000/01/rdf-schema#label" : [ {
    "@value" : "Incentive"
  } ]
}, {
  "@id" : "http://delta.linkeddata.es/def/core#KeyPerformanceIndicator",
  "@type" : [ "http://www.w3.org/2002/07/owl#Class" ],
  "http://www.w3.org/2000/01/rdf-schema#label" : [ {
    "@value" : "Key Performance Indicator"
  } ],
  "http://www.w3.org/2000/01/rdf-schema#subClassOf" : [ {
    "@id" : "_:genid17"
  }, {
    "@id" : "_:genid18"
  }, {
    "@id" : "_:genid19"
  } ]
}, {
  "@id" : "http://delta.linkeddata.es/def/core#LoadForecast",
  "@type" : [ "http://www.w3.org/2002/07/owl#Class" ],
  "http://www.w3.org/2000/01/rdf-schema#label" : [ {
    "@value" : "Load forecast"
  } ],
  "http://www.w3.org/2000/01/rdf-schema#subClassOf" : [ {
    "@id" : "http://delta.linkeddata.es/def/core#DRProperty"
  } ]
}, {
  "@id" : "http://delta.linkeddata.es/def/core#MarketSettlement",
  "@type" : [ "http://www.w3.org/2002/07/owl#Class" ]
}, {
  "@id" : "http://delta.linkeddata.es/def/core#Measurement",
  "@type" : [ "http://www.w3.org/2002/07/owl#Class" ],
  "http://www.w3.org/2000/01/rdf-schema#subClassOf" : [ {
    "@id" : "https://w3id.org/saref#Measurement"
  }, {
    "@id" : "_:genid20"
  } ]
}, {
  "@id" : "http://delta.linkeddata.es/def/core#Payment",
  "@type" : [ "http://www.w3.org/2002/07/owl#Class" ],
  "http://www.w3.org/2000/01/rdf-schema#comment" : [ {
    "@value" : "Monetary value associated to a contract"
  } ],
  "http://www.w3.org/2000/01/rdf-schema#label" : [ {
    "@value" : "Payment"
  } ],
  "http://www.w3.org/2000/01/rdf-schema#subClassOf" : [ {
    "@id" : "https://w3id.org/saref#Price"
  }, {
    "@id" : "_:genid21"
  } ]
}, {
  "@id" : "http://delta.linkeddata.es/def/core#Phase",
  "@type" : [ "http://www.w3.org/2002/07/owl#Class" ],
  "http://www.w3.org/2000/01/rdf-schema#label" : [ {
    "@value" : "Phase"
  } ]
}, {
  "@id" : "http://delta.linkeddata.es/def/core#Power",
  "@type" : [ "http://www.w3.org/2002/07/owl#Class" ],
  "http://www.w3.org/2000/01/rdf-schema#comment" : [ {
    "@value" : "A property related to measurements that are characterized  by a value measured in power units"
  } ],
  "http://www.w3.org/2000/01/rdf-schema#label" : [ {
    "@value" : "Power"
  } ],
  "http://www.w3.org/2000/01/rdf-schema#subClassOf" : [ {
    "@id" : "http://delta.linkeddata.es/def/core#DRProperty"
  } ]
}, {
  "@id" : "http://delta.linkeddata.es/def/core#PriceAS",
  "@type" : [ "http://www.w3.org/2002/07/owl#NamedIndividual" ]
}, {
  "@id" : "http://delta.linkeddata.es/def/core#PriceDayAhead",
  "@type" : [ "http://www.w3.org/2002/07/owl#NamedIndividual" ]
}, {
  "@id" : "http://delta.linkeddata.es/def/core#PriceIntraDay",
  "@type" : [ "http://www.w3.org/2002/07/owl#NamedIndividual" ]
}, {
  "@id" : "http://delta.linkeddata.es/def/core#Profile",
  "@type" : [ "http://www.w3.org/2002/07/owl#Class" ],
  "http://www.w3.org/2000/01/rdf-schema#comment" : [ {
    "@value" : "A specification associated to a Virtual Node or a device to collect information about properties"
  } ],
  "http://www.w3.org/2000/01/rdf-schema#label" : [ {
    "@value" : "Profile"
  } ],
  "http://www.w3.org/2000/01/rdf-schema#subClassOf" : [ {
    "@id" : "https://w3id.org/saref#Profile"
  }, {
    "@id" : "_:genid22"
  }, {
    "@id" : "_:genid23"
  } ]
}, {
  "@id" : "http://delta.linkeddata.es/def/core#Prosumer",
  "@type" : [ "http://www.w3.org/2002/07/owl#Class" ],
  "http://www.w3.org/2000/01/rdf-schema#comment" : [ {
    "@value" : "Entity that consumes or produces energy"
  } ],
  "http://www.w3.org/2000/01/rdf-schema#label" : [ {
    "@value" : "Prosumer"
  } ],
  "http://www.w3.org/2000/01/rdf-schema#subClassOf" : [ {
    "@id" : "http://delta.linkeddata.es/def/core#Customer"
  } ]
}, {
  "@id" : "http://delta.linkeddata.es/def/core#Reward",
  "@type" : [ "http://www.w3.org/2002/07/owl#Class" ],
  "http://www.w3.org/2000/01/rdf-schema#comment" : [ {
    "@value" : "Reward associated to the customers that is given after using the engagement tools"
  }, {
    "@value" : "Reward associated to the customers that is given after using the engagement tools (e.g., discounts)"
  } ],
  "http://www.w3.org/2000/01/rdf-schema#label" : [ {
    "@value" : "Reward"
  } ],
  "http://www.w3.org/2000/01/rdf-schema#subClassOf" : [ {
    "@id" : "http://delta.linkeddata.es/def/core#DRProperty"
  } ]
}, {
  "@id" : "http://delta.linkeddata.es/def/core#SmartContract",
  "@type" : [ "http://www.w3.org/2002/07/owl#Class" ],
  "http://www.w3.org/2000/01/rdf-schema#label" : [ {
    "@value" : "Smart contract"
  } ],
  "http://www.w3.org/2000/01/rdf-schema#subClassOf" : [ {
    "@id" : "_:genid24"
  }, {
    "@id" : "_:genid25"
  }, {
    "@id" : "_:genid26"
  } ]
}, {
  "@id" : "http://delta.linkeddata.es/def/core#SystemConstraint",
  "@type" : [ "http://www.w3.org/2002/07/owl#Class" ],
  "http://www.w3.org/2000/01/rdf-schema#label" : [ {
    "@value" : "System constraint"
  } ]
}, {
  "@id" : "http://delta.linkeddata.es/def/core#Transaction",
  "@type" : [ "http://www.w3.org/2002/07/owl#Class" ],
  "http://www.w3.org/2000/01/rdf-schema#comment" : [ {
    "@value" : "Transaction between entities that will be store in the blockchain"
  } ],
  "http://www.w3.org/2000/01/rdf-schema#label" : [ {
    "@value" : "Transaction"
  } ]
}, {
  "@id" : "http://delta.linkeddata.es/def/core#UpFlexibility",
  "@type" : [ "http://www.w3.org/2002/07/owl#Class" ],
  "http://www.w3.org/2000/01/rdf-schema#subClassOf" : [ {
    "@id" : "http://delta.linkeddata.es/def/core#Flexibility"
  } ]
}, {
  "@id" : "http://delta.linkeddata.es/def/core#VirtualNode",
  "@type" : [ "http://www.w3.org/2002/07/owl#Class" ],
  "http://www.w3.org/2000/01/rdf-schema#comment" : [ {
    "@value" : "An aggregated, virtual cluster of prosumers which will be perceived and acted upon as a single, large prosumer entity by the Aggregator. Prosumers entailed into each Virtual Node will have common characteristics, defined by their corresponding Aggregator."
  } ],
  "http://www.w3.org/2000/01/rdf-schema#label" : [ {
    "@value" : "Virtual node"
  } ],
  "http://www.w3.org/2000/01/rdf-schema#subClassOf" : [ {
    "@id" : "https://w3id.org/def/openadr#VEN"
  }, {
    "@id" : "https://w3id.org/def/openadr#VTN"
  }, {
    "@id" : "_:genid27"
  }, {
    "@id" : "_:genid28"
  }, {
    "@id" : "_:genid29"
  }, {
    "@id" : "_:genid30"
  }, {
    "@id" : "_:genid31"
  } ]
}, {
  "@id" : "http://delta.linkeddata.es/def/core#Voltage",
  "@type" : [ "http://www.w3.org/2002/07/owl#Class" ],
  "http://www.w3.org/2000/01/rdf-schema#comment" : [ {
    "@value" : "Voltage constraint related to the grid"
  } ],
  "http://www.w3.org/2000/01/rdf-schema#label" : [ {
    "@value" : "Voltage"
  } ],
  "http://www.w3.org/2000/01/rdf-schema#subClassOf" : [ {
    "@id" : "http://delta.linkeddata.es/def/core#DRProperty"
  } ]
}, {
  "@id" : "http://delta.linkeddata.es/def/core#activates",
  "@type" : [ "http://www.w3.org/2002/07/owl#ObjectProperty" ],
  "http://www.w3.org/2000/01/rdf-schema#label" : [ {
    "@value" : "activates"
  } ]
}, {
  "@id" : "http://delta.linkeddata.es/def/core#agreesOn",
  "@type" : [ "http://www.w3.org/2002/07/owl#ObjectProperty" ],
  "http://www.w3.org/2000/01/rdf-schema#label" : [ {
    "@value" : "agrees on"
  } ]
}, {
  "@id" : "http://delta.linkeddata.es/def/core#belongsTo",
  "@type" : [ "http://www.w3.org/2002/07/owl#ObjectProperty" ],
  "http://www.w3.org/2000/01/rdf-schema#comment" : [ {
    "@value" : "Relation between a device and a FEID"
  } ],
  "http://www.w3.org/2000/01/rdf-schema#label" : [ {
    "@value" : "belongs to"
  } ],
  "http://www.w3.org/2002/07/owl#inverseOf" : [ {
    "@id" : "http://delta.linkeddata.es/def/core#owns"
  } ]
}, {
  "@id" : "http://delta.linkeddata.es/def/core#clusterDescription",
  "@type" : [ "http://www.w3.org/2002/07/owl#DatatypeProperty" ],
  "http://www.w3.org/2000/01/rdf-schema#comment" : [ {
    "@value" : "Description of a cluster"
  } ],
  "http://www.w3.org/2000/01/rdf-schema#label" : [ {
    "@value" : "cluster description"
  } ],
  "http://www.w3.org/2000/01/rdf-schema#subPropertyOf" : [ {
    "@id" : "http://www.w3.org/2002/07/owl#topDataProperty"
  } ]
}, {
  "@id" : "http://delta.linkeddata.es/def/core#clusterName",
  "@type" : [ "http://www.w3.org/2002/07/owl#DatatypeProperty" ],
  "http://www.w3.org/2000/01/rdf-schema#comment" : [ {
    "@value" : "Name of a cluster"
  } ],
  "http://www.w3.org/2000/01/rdf-schema#label" : [ {
    "@value" : "cluster name"
  } ]
}, {
  "@id" : "http://delta.linkeddata.es/def/core#consumes",
  "@type" : [ "http://www.w3.org/2002/07/owl#ObjectProperty" ],
  "http://www.w3.org/2000/01/rdf-schema#label" : [ {
    "@value" : "consumes"
  } ]
}, {
  "@id" : "http://delta.linkeddata.es/def/core#correspondsToPeriod",
  "@type" : [ "http://www.w3.org/2002/07/owl#ObjectProperty" ],
  "http://www.w3.org/2000/01/rdf-schema#comment" : [ {
    "@value" : "period associated to a profile"
  } ],
  "http://www.w3.org/2000/01/rdf-schema#label" : [ {
    "@value" : "has period"
  } ],
  "http://www.w3.org/2000/01/rdf-schema#range" : [ {
    "@id" : "http://www.w3.org/2006/time#TemporalEntity"
  } ]
}, {
  "@id" : "http://delta.linkeddata.es/def/core#granularity",
  "@type" : [ "http://www.w3.org/2002/07/owl#DatatypeProperty" ],
  "http://www.w3.org/2000/01/rdf-schema#comment" : [ {
    "@value" : "granularity of the profile (e.g., weekly, daily)"
  } ],
  "http://www.w3.org/2000/01/rdf-schema#label" : [ {
    "@value" : "granularity"
  } ]
}, {
  "@id" : "http://delta.linkeddata.es/def/core#hasAggregatedProperty",
  "@type" : [ "http://www.w3.org/2002/07/owl#ObjectProperty" ],
  "http://www.w3.org/2000/01/rdf-schema#comment" : [ {
    "@value" : "Relationship identifying the properties associated to a group of entities, such as clusters"
  } ],
  "http://www.w3.org/2000/01/rdf-schema#label" : [ {
    "@value" : "has aggregated property"
  } ]
}, {
  "@id" : "http://delta.linkeddata.es/def/core#hasComfortSetting",
  "@type" : [ "http://www.w3.org/2002/07/owl#ObjectProperty" ]
}, {
  "@id" : "http://delta.linkeddata.es/def/core#hasCurrency",
  "@type" : [ "http://www.w3.org/2002/07/owl#ObjectProperty" ],
  "http://www.w3.org/2000/01/rdf-schema#comment" : [ {
    "@value" : "Link between a price and its currency"
  } ],
  "http://www.w3.org/2000/01/rdf-schema#label" : [ {
    "@value" : "has currency"
  } ]
}, {
  "@id" : "http://delta.linkeddata.es/def/core#hasDescription",
  "@type" : [ "http://www.w3.org/2002/07/owl#DatatypeProperty" ],
  "http://www.w3.org/2000/01/rdf-schema#label" : [ {
    "@value" : "description"
  } ]
}, {
  "@id" : "http://delta.linkeddata.es/def/core#hasDuration",
  "@type" : [ "http://www.w3.org/2002/07/owl#ObjectProperty" ],
  "http://www.w3.org/2000/01/rdf-schema#comment" : [ {
    "@value" : "Duration of an event"
  } ],
  "http://www.w3.org/2000/01/rdf-schema#label" : [ {
    "@value" : "has duration"
  } ],
  "http://www.w3.org/2000/01/rdf-schema#range" : [ {
    "@id" : "http://www.w3.org/2006/time#TemporalEntity"
  } ]
}, {
  "@id" : "http://delta.linkeddata.es/def/core#hasIncentive",
  "@type" : [ "http://www.w3.org/2002/07/owl#ObjectProperty" ],
  "http://www.w3.org/2000/01/rdf-schema#comment" : [ {
    "@value" : "A relation between a property and its incentives associated"
  } ],
  "http://www.w3.org/2000/01/rdf-schema#label" : [ {
    "@value" : "has incentive"
  } ]
}, {
  "@id" : "http://delta.linkeddata.es/def/core#hasMeasurement",
  "@type" : [ "http://www.w3.org/2002/07/owl#ObjectProperty" ],
  "http://www.w3.org/2000/01/rdf-schema#comment" : [ {
    "@value" : "Link between a KPI and a measurement"
  } ],
  "http://www.w3.org/2000/01/rdf-schema#label" : [ {
    "@value" : "has measurement"
  } ]
}, {
  "@id" : "http://delta.linkeddata.es/def/core#hasPayment",
  "@type" : [ "http://www.w3.org/2002/07/owl#ObjectProperty" ],
  "http://www.w3.org/2000/01/rdf-schema#label" : [ {
    "@value" : "has payment"
  } ]
}, {
  "@id" : "http://delta.linkeddata.es/def/core#hasPhase",
  "@type" : [ "http://www.w3.org/2002/07/owl#ObjectProperty" ],
  "http://www.w3.org/2000/01/rdf-schema#label" : [ {
    "@value" : "has phase"
  } ]
}, {
  "@id" : "http://delta.linkeddata.es/def/core#hasProfile",
  "@type" : [ "http://www.w3.org/2002/07/owl#ObjectProperty" ],
  "http://www.w3.org/2000/01/rdf-schema#comment" : [ {
    "@value" : "Link between an entity and its profile"
  } ],
  "http://www.w3.org/2000/01/rdf-schema#label" : [ {
    "@value" : "has profile"
  } ]
}, {
  "@id" : "http://delta.linkeddata.es/def/core#hasReward",
  "@type" : [ "http://www.w3.org/2002/07/owl#ObjectProperty" ],
  "http://www.w3.org/2000/01/rdf-schema#comment" : [ {
    "@value" : "Link between a customer and its associated reward"
  } ],
  "http://www.w3.org/2000/01/rdf-schema#domain" : [ {
    "@id" : "http://delta.linkeddata.es/def/core#Customer"
  } ],
  "http://www.w3.org/2000/01/rdf-schema#label" : [ {
    "@value" : "has reward"
  } ]
}, {
  "@id" : "http://delta.linkeddata.es/def/core#hasSmartContract",
  "@type" : [ "http://www.w3.org/2002/07/owl#ObjectProperty" ],
  "http://www.w3.org/2000/01/rdf-schema#comment" : [ {
    "@value" : "link between the Virtual node and its smart contracts"
  } ],
  "http://www.w3.org/2000/01/rdf-schema#label" : [ {
    "@value" : "has smart contract"
  } ],
  "http://www.w3.org/2000/01/rdf-schema#range" : [ {
    "@id" : "http://delta.linkeddata.es/def/core#SmartContract"
  } ]
}, {
  "@id" : "http://delta.linkeddata.es/def/core#hasSystemConstraint",
  "@type" : [ "http://www.w3.org/2002/07/owl#ObjectProperty" ]
}, {
  "@id" : "http://delta.linkeddata.es/def/core#hasTransaction",
  "@type" : [ "http://www.w3.org/2002/07/owl#ObjectProperty" ]
}, {
  "@id" : "http://delta.linkeddata.es/def/core#href",
  "@type" : [ "http://www.w3.org/2002/07/owl#DatatypeProperty" ],
  "http://www.w3.org/2000/01/rdf-schema#comment" : [ {
    "@value" : "URI of the endpoint"
  } ],
  "http://www.w3.org/2000/01/rdf-schema#label" : [ {
    "@value" : "href"
  } ]
}, {
  "@id" : "http://delta.linkeddata.es/def/core#isAllocatedIn",
  "@type" : [ "http://www.w3.org/2002/07/owl#ObjectProperty" ],
  "http://www.w3.org/2000/01/rdf-schema#comment" : [ {
    "@value" : "Link from a virtual node to its aggregator"
  } ],
  "http://www.w3.org/2000/01/rdf-schema#label" : [ {
    "@value" : "is allocated in"
  } ]
}, {
  "@id" : "http://delta.linkeddata.es/def/core#isOwnedBy",
  "@type" : [ "http://www.w3.org/2002/07/owl#ObjectProperty" ],
  "http://www.w3.org/2000/01/rdf-schema#comment" : [ {
    "@value" : "Link between a device and its customer"
  } ],
  "http://www.w3.org/2000/01/rdf-schema#label" : [ {
    "@value" : "is owned by"
  } ]
}, {
  "@id" : "http://delta.linkeddata.es/def/core#isRelatedToProperty",
  "@type" : [ "http://www.w3.org/2002/07/owl#ObjectProperty" ],
  "http://www.w3.org/2000/01/rdf-schema#label" : [ {
    "@value" : "is related to property"
  } ]
}, {
  "@id" : "http://delta.linkeddata.es/def/core#isValidDuringPeriod",
  "@type" : [ "http://www.w3.org/2002/07/owl#ObjectProperty" ],
  "http://www.w3.org/2000/01/rdf-schema#comment" : [ {
    "@value" : "Period where an entity, such a contract, is valid"
  } ],
  "http://www.w3.org/2000/01/rdf-schema#label" : [ {
    "@value" : "is valid during period"
  } ],
  "http://www.w3.org/2000/01/rdf-schema#range" : [ {
    "@id" : "http://www.w3.org/2006/time#TemporalEntity"
  } ]
}, {
  "@id" : "http://delta.linkeddata.es/def/core#manage",
  "@type" : [ "http://www.w3.org/2002/07/owl#ObjectProperty" ],
  "http://www.w3.org/2000/01/rdf-schema#comment" : [ {
    "@value" : "Relation between a Virutal Node and the  devices it manages"
  } ],
  "http://www.w3.org/2000/01/rdf-schema#label" : [ {
    "@value" : "manage"
  } ]
}, {
  "@id" : "http://delta.linkeddata.es/def/core#name",
  "@type" : [ "http://www.w3.org/2002/07/owl#DatatypeProperty" ],
  "http://www.w3.org/2000/01/rdf-schema#isDefinedBy" : [ {
    "@value" : "name"
  } ]
}, {
  "@id" : "http://delta.linkeddata.es/def/core#owns",
  "@type" : [ "http://www.w3.org/2002/07/owl#ObjectProperty" ],
  "http://www.w3.org/2000/01/rdf-schema#comment" : [ {
    "@value" : "Link between the customers and the devices"
  } ],
  "http://www.w3.org/2000/01/rdf-schema#label" : [ {
    "@value" : "owns"
  } ]
}, {
  "@id" : "http://delta.linkeddata.es/def/core#preferredNamespaceUri",
  "@type" : [ "http://www.w3.org/2002/07/owl#AnnotationProperty" ]
}, {
  "@id" : "http://delta.linkeddata.es/def/core#status",
  "@type" : [ "http://www.w3.org/2002/07/owl#DatatypeProperty" ],
  "http://www.w3.org/2000/01/rdf-schema#comment" : [ {
    "@value" : "The final status as if the DVN fullfiled the request or it failed"
  } ],
  "http://www.w3.org/2000/01/rdf-schema#label" : [ {
    "@value" : "status"
  } ]
}, {
  "@id" : "http://delta.linkeddata.es/def/core#type",
  "@type" : [ "http://www.w3.org/2002/07/owl#DatatypeProperty" ],
  "http://www.w3.org/2000/01/rdf-schema#label" : [ {
    "@value" : "type"
  } ],
  "http://www.w3.org/2000/01/rdf-schema#range" : [ {
    "@id" : "http://www.w3.org/2000/01/rdf-schema#Literal"
  } ]
}, {
  "@id" : "http://purl.org/dc/elements/1.1/title",
  "@type" : [ "http://www.w3.org/2002/07/owl#AnnotationProperty" ]
}, {
  "@id" : "http://purl.org/dc/terms/creator",
  "@type" : [ "http://www.w3.org/2002/07/owl#AnnotationProperty" ]
}, {
  "@id" : "http://purl.org/dc/termscreator",
  "@type" : [ "http://www.w3.org/2002/07/owl#AnnotationProperty" ]
}, {
  "@id" : "http://purl.org/dc/termslicense",
  "@type" : [ "http://www.w3.org/2002/07/owl#AnnotationProperty" ]
}, {
  "@id" : "http://www.w3.org/2006/time#Instant",
  "@type" : [ "http://www.w3.org/2002/07/owl#Class" ],
  "http://www.w3.org/2000/01/rdf-schema#comment" : [ {
    "@value" : "A temporal entity with zero extent or duration"
  } ],
  "http://www.w3.org/2000/01/rdf-schema#isDefinedBy" : [ {
    "@value" : "Instant"
  }, {
    "@value" : "http://www.w3.org/2006/time#"
  } ],
  "http://www.w3.org/2000/01/rdf-schema#subClassOf" : [ {
    "@id" : "http://www.w3.org/2006/time#TemporalEntity"
  } ]
}, {
  "@id" : "http://www.w3.org/2006/time#Interval",
  "@type" : [ "http://www.w3.org/2002/07/owl#Class" ],
  "http://www.w3.org/2000/01/rdf-schema#comment" : [ {
    "@value" : "A temporal entity with an extent or duration"
  } ],
  "http://www.w3.org/2000/01/rdf-schema#isDefinedBy" : [ {
    "@value" : "http://www.w3.org/2006/time#"
  } ],
  "http://www.w3.org/2000/01/rdf-schema#label" : [ {
    "@value" : "Time interval"
  } ],
  "http://www.w3.org/2000/01/rdf-schema#subClassOf" : [ {
    "@id" : "http://www.w3.org/2006/time#TemporalEntity"
  } ]
}, {
  "@id" : "http://www.w3.org/2006/time#TemporalEntity",
  "@type" : [ "http://www.w3.org/2002/07/owl#Class" ],
  "http://www.w3.org/2000/01/rdf-schema#comment" : [ {
    "@value" : "A temporal interval or instant."
  } ],
  "http://www.w3.org/2000/01/rdf-schema#isDefinedBy" : [ {
    "@value" : "http://www.w3.org/2006/time#"
  } ],
  "http://www.w3.org/2000/01/rdf-schema#label" : [ {
    "@value" : "Temporal entity"
  } ]
}, {
  "@id" : "https://w3id.org/def/openadr#VTN",
  "http://www.w3.org/2000/01/rdf-schema#subClassOf" : [ {
    "@id" : "_:genid32"
  } ]
}, {
  "@id" : "https://w3id.org/def/openadr#sendEvent",
  "@type" : [ "http://www.w3.org/2002/07/owl#ObjectProperty" ]
}, {
  "@id" : "https://w3id.org/def/saref4bldg#PhysicalObject",
  "@type" : [ "http://www.w3.org/2002/07/owl#Class" ],
  "http://www.w3.org/2000/01/rdf-schema#comment" : [ {
    "@value" : "Any Object that has a proper space region."
  } ],
  "http://www.w3.org/2000/01/rdf-schema#isDefinedBy" : [ {
    "@value" : "https://w3id.org/def/saref4bldg#"
  } ],
  "http://www.w3.org/2000/01/rdf-schema#label" : [ {
    "@value" : "Physical object"
  } ]
}, {
  "@id" : "https://w3id.org/saref#Device",
  "@type" : [ "http://www.w3.org/2002/07/owl#Class" ],
  "http://www.w3.org/2000/01/rdf-schema#comment" : [ {
    "@value" : "A tangible object designed to accomplish a particular task in households, common public buildings or offices. In order to accomplish this task, the device performs one or more functions. For example, a washing machine is designed to wash (task) and to accomplish this task it performs a start and stop function. Devices can be structured in categories (subclasses) that reflect the different domain in which a device is used, e.g., smart appliances domain (subclass FunctionRelated) vs. building domain (subclass BuildingRelated) vs. smart grid domain (subclass EnergyRelated). New categories can be defined,if needed, to reflect other differences, for example different points of view, such as the point of view of the device's user vs. the point of view of the device's manufacturer. We propose a list of devices that are relevant for the purpose of SAREF, but this list can be extended."
  } ],
  "http://www.w3.org/2000/01/rdf-schema#isDefinedBy" : [ {
    "@value" : "https://w3id.org/def/saref#"
  } ],
  "http://www.w3.org/2000/01/rdf-schema#label" : [ {
    "@value" : "Device"
  } ],
  "http://www.w3.org/2000/01/rdf-schema#subClassOf" : [ {
    "@id" : "https://w3id.org/def/saref4bldg#PhysicalObject"
  } ],
  "http://www.w3.org/2002/07/owl#equivalentClass" : [ {
    "@id" : "_:genid33"
  } ]
}, {
  "@id" : "https://w3id.org/saref#FeatureOfInterest",
  "@type" : [ "http://www.w3.org/2002/07/owl#Class" ],
  "http://www.w3.org/2000/01/rdf-schema#isDefinedBy" : [ {
    "@value" : "https://w3id.org/def/saref#"
  } ],
  "http://www.w3.org/2000/01/rdf-schema#label" : [ {
    "@value" : "Feature Of Interest"
  } ]
}, {
  "@id" : "https://w3id.org/saref#Measurement",
  "@type" : [ "http://www.w3.org/2002/07/owl#Class" ],
  "http://www.w3.org/2000/01/rdf-schema#isDefinedBy" : [ {
    "@value" : "https://w3id.org/def/saref#"
  } ],
  "http://www.w3.org/2000/01/rdf-schema#label" : [ {
    "@value" : "Measurement"
  } ],
  "http://www.w3.org/2000/01/rdf-schema#subClassOf" : [ {
    "@id" : "_:genid34"
  }, {
    "@id" : "_:genid35"
  }, {
    "@id" : "_:genid36"
  }, {
    "@id" : "_:genid37"
  } ]
}, {
  "@id" : "https://w3id.org/saref#Price",
  "@type" : [ "http://www.w3.org/2002/07/owl#Class" ],
  "http://www.w3.org/2000/01/rdf-schema#subClassOf" : [ {
    "@id" : "https://w3id.org/saref#Property"
  } ]
}, {
  "@id" : "https://w3id.org/saref#Profile",
  "@type" : [ "http://www.w3.org/2002/07/owl#Class" ],
  "http://www.w3.org/2000/01/rdf-schema#comment" : [ {
    "@value" : "A specification associated to a device to collect information about a certain Property (e.g., Energy) or Commodity (e.g.Water) for optimizing its usage in the home, office or building in which the device is located. This specification is about a certain Property or Commodity (saref:isAbout), can be calculated over a time span (saref:hasTime ) and can be associated to some costs (saref:hasPrice). An example is the Power Profile defined in the SAREF4ENER extension that can be associated to a device for optimizing the Energy efficiency in the home, office or building in which the device is located."
  } ],
  "http://www.w3.org/2000/01/rdf-schema#isDefinedBy" : [ {
    "@value" : "https://w3id.org/saref#"
  } ],
  "http://www.w3.org/2000/01/rdf-schema#label" : [ {
    "@value" : "Profile"
  } ],
  "http://www.w3.org/2000/01/rdf-schema#subClassOf" : [ {
    "@id" : "_:genid38"
  } ]
}, {
  "@id" : "https://w3id.org/saref#Property",
  "@type" : [ "http://www.w3.org/2002/07/owl#Class" ],
  "http://www.w3.org/2000/01/rdf-schema#isDefinedBy" : [ {
    "@value" : "https://w3id.org/def/saref#"
  } ],
  "http://www.w3.org/2000/01/rdf-schema#label" : [ {
    "@value" : "Property"
  } ],
  "http://www.w3.org/2000/01/rdf-schema#subClassOf" : [ {
    "@id" : "_:genid39"
  } ]
}, {
  "@id" : "https://w3id.org/saref#UnitOfMeasure",
  "@type" : [ "http://www.w3.org/2002/07/owl#Class" ],
  "http://www.w3.org/2000/01/rdf-schema#isDefinedBy" : [ {
    "@value" : "https://w3id.org/saref"
  } ]
}, {
  "@id" : "https://w3id.org/saref#hasFeatureOfInterest",
  "@type" : [ "http://www.w3.org/2002/07/owl#ObjectProperty" ],
  "http://www.w3.org/2000/01/rdf-schema#isDefinedBy" : [ {
    "@value" : "https://w3id.org/saref#"
  } ],
  "http://www.w3.org/2000/01/rdf-schema#label" : [ {
    "@value" : "has feature of interest"
  } ]
}, {
  "@id" : "https://w3id.org/saref#hasValue",
  "@type" : [ "http://www.w3.org/2002/07/owl#DatatypeProperty" ],
  "http://www.w3.org/2000/01/rdf-schema#isDefinedBy" : [ {
    "@value" : "https://w3id.org/def/saref"
  } ],
  "http://www.w3.org/2000/01/rdf-schema#label" : [ {
    "@value" : "has value"
  } ],
  "http://www.w3.org/2000/01/rdf-schema#subPropertyOf" : [ {
    "@id" : "http://www.w3.org/2002/07/owl#topDataProperty"
  } ]
}, {
  "@id" : "https://w3id.org/saref#isAbout",
  "@type" : [ "http://www.w3.org/2002/07/owl#ObjectProperty" ],
  "http://www.w3.org/2000/01/rdf-schema#comment" : [ {
    "@value" : "A relationship identifying what an entity, such as a Profile, is about"
  } ],
  "http://www.w3.org/2000/01/rdf-schema#isDefinedBy" : [ {
    "@value" : "https://w3id.org/saref#"
  } ],
  "http://www.w3.org/2000/01/rdf-schema#label" : [ {
    "@value" : "isAbout"
  } ]
}, {
  "@id" : "https://w3id.org/saref#isMeasuredIn",
  "@type" : [ "http://www.w3.org/2002/07/owl#ObjectProperty" ],
  "http://www.w3.org/2000/01/rdf-schema#isDefinedBy" : [ {
    "@value" : "https://w3id.org/def/saref"
  } ],
  "http://www.w3.org/2000/01/rdf-schema#label" : [ {
    "@value" : "is measured in"
  } ]
}, {
  "@id" : "https://w3id.org/saref#isRelatedToMeasurement",
  "@type" : [ "http://www.w3.org/2002/07/owl#ObjectProperty" ],
  "http://www.w3.org/2000/01/rdf-schema#isDefinedBy" : [ {
    "@value" : "https://w3id.org/def/saref"
  } ],
  "http://www.w3.org/2000/01/rdf-schema#label" : [ {
    "@value" : "is related to measurement"
  } ]
}, {
  "@id" : "https://w3id.org/saref#makesMeasurement",
  "@type" : [ "http://www.w3.org/2002/07/owl#ObjectProperty" ],
  "http://www.w3.org/2000/01/rdf-schema#isDefinedBy" : [ {
    "@value" : "https://w3id.org/def/saref"
  } ],
  "http://www.w3.org/2000/01/rdf-schema#label" : [ {
    "@value" : "makes measurement"
  } ]
}, {
  "@id" : "https://w3id.org/saref#measuresProperty",
  "@type" : [ "http://www.w3.org/2002/07/owl#ObjectProperty" ],
  "http://www.w3.org/2000/01/rdf-schema#isDefinedBy" : [ {
    "@value" : "https://w3id.org/def/saref"
  } ],
  "http://www.w3.org/2000/01/rdf-schema#label" : [ {
    "@value" : "measures property"
  } ]
}, {
  "@id" : "https://w3id.org/saref#timeStamp",
  "@type" : [ "http://www.w3.org/2002/07/owl#DatatypeProperty" ],
  "http://www.w3.org/2000/01/rdf-schema#isDefinedBy" : [ {
    "@value" : "https://w3id.org/def/saref"
  } ],
  "http://www.w3.org/2000/01/rdf-schema#label" : [ {
    "@value" : "timestamp"
  } ]
} ]